{"cameraMode":{"drawMode":0,"name":"Shaded","section":"Shading Mode"},"sceneLighting":true,"audioPlay":false,"sceneViewState":{"m_AlwaysRefresh":false,"showFog":true,"showSkybox":true,"showFlares":true,"showImageEffects":true,"showParticleSystems":true,"showVisualEffectGraphs":true,"m_FxEnabled":true},"in2DMode":false,"pivot":{"x":27.949848175048829,"y":13.96374797821045,"z":21.069374084472658},"rotation":{"x":-0.6627436280250549,"y":0.0073961964808404449,"z":-0.006523009389638901,"w":-0.7488097548484802},"size":18.484804153442384,"orthographic":false}