{"cameraMode":{"drawMode":0,"name":"Shaded","section":"Shading Mode"},"sceneLighting":true,"audioPlay":false,"sceneViewState":{"m_AlwaysRefresh":false,"showFog":true,"showSkybox":true,"showFlares":true,"showImageEffects":true,"showParticleSystems":true,"showVisualEffectGraphs":true,"m_FxEnabled":true},"in2DMode":false,"pivot":{"x":28.343128204345704,"y":-7.0870819091796879,"z":25.163593292236329},"rotation":{"x":-0.645738422870636,"y":-0.006215175148099661,"z":0.005251938942819834,"w":-0.7635425925254822},"size":30.948476791381837,"orthographic":false}